<?xml version="1.0" encoding="UTF-8" ?>
<XMLDB PATH="blocks/featuredcourses/db" VERSION="20150427" COMMENT="XMLDB file for Moodle blocks/featuredcourses"
    xmlns:xsi="http://www.w3.org/2001/XMLSchema-instance"
    xsi:noNamespaceSchemaLocation="../../../lib/xmldb/xmldb.xsd"
>
  <TABLES>
    <TABLE NAME="block_featuredcourses" COMMENT="Default comment for block_featuredcourses, please edit me">
      <FIELDS>
        <FIELD NAME="id" TYPE="int" LENGTH="10" NOTNULL="true" SEQUENCE="true"/>
        <FIELD NAME="courseid" TYPE="int" LENGTH="10" NOTNULL="true" SEQUENCE="false"/>
        <FIELD NAME="sortorder" TYPE="int" LENGTH="10" NOTNULL="false" SEQUENCE="false"/>
      </FIELDS>
      <KEYS>
        <KEY NAME="primary" TYPE="primary" FIELDS="id"/>
        <KEY NAME="uniq_courseid" TYPE="unique" FIELDS="courseid"/>
      </KEYS>
    </TABLE>
  </TABLES>
</XMLDB>
