<?xml version="1.0" encoding="UTF-8" ?>
<XMLDB PATH="blocks/my_enrolled_courses/db" VERSION="20120122" COMMENT="XMLDB file for Moodle blocks/my_enrolled_courses"
  xmlns:xsi="http://www.w3.org/2001/XMLSchema-instance"
  xsi:noNamespaceSchemaLocation="../../../lib/xmldb/xmldb.xsd"
>
  <TABLES>
    <TABLE NAME="block_my_enrolled_courses" COMMENT="My course block">
      <FIELDS>
        <FIELD NAME="id" TYPE="int" LENGTH="10" NOTNULL="true" SEQUENCE="true" NEXT="userid"/>
        <FIELD NAME="userid" TYPE="int" LENGTH="10" NOTNULL="true" SEQUENCE="false" PREVIOUS="id" NEXT="courseid"/>
        <FIELD NAME="courseid" TYPE="int" LENGTH="10" NOTNULL="true" SEQUENCE="false" PREVIOUS="userid" NEXT="hide"/>
        <FIELD NAME="hide" TYPE="int" LENGTH="1" NOTNULL="true" SEQUENCE="false" PREVIOUS="courseid"/>
      </FIELDS>
      <KEYS>
        <KEY NAME="primary" TYPE="primary" FIELDS="id"/>
        <KEY NAME="courseid" TYPE="foreign" FIELDS="courseid" REFTABLE="course" REFFIELDS="id"/>
      </KEYS>
      <INDEXES>
        <INDEX NAME="userid" UNIQUE="false" FIELDS="userid"/>
      </INDEXES>
    </TABLE>    
    <TABLE NAME="block_myenrolledcoursesorder" COMMENT="My course block, order of the courses">
      <FIELDS>
        <FIELD NAME="id" TYPE="int" LENGTH="10" NOTNULL="true" SEQUENCE="true" NEXT="userid"/>
        <FIELD NAME="userid" TYPE="int" LENGTH="10" NOTNULL="true" SEQUENCE="false" PREVIOUS="id" NEXT="courseorder"/>
        <FIELD NAME="courseorder" TYPE="text" LENGTH="long" NOTNULL="true" SEQUENCE="false" PREVIOUS="userid"/>
      </FIELDS>
      <KEYS>
        <KEY NAME="primary" TYPE="primary" FIELDS="id"/>
      </KEYS>
      <INDEXES>
        <INDEX NAME="userid" UNIQUE="false" FIELDS="userid"/>
      </INDEXES>
    </TABLE>
  </TABLES>
</XMLDB>